arquivo,escopo,nome,h1,h2,N1,N2,vocabulary,length,calculated_length,volume,difficulty,effort,time,bugs
beets/context.py,funcao,get_music_dir,0,0,0,0,0,0,0,0,0,0,0,0
beets/context.py,funcao,set_music_dir,0,0,0,0,0,0,0,0,0,0,0,0
beets/context.py,funcao,music_dir,0,0,0,0,0,0,0,0,0,0,0,0
beets/logging.py,funcao,_logsafe,0,0,0,0,0,0,0,0,0,0,0,0
beets/logging.py,funcao,__init__,0,0,0,0,0,0,0,0,0,0,0,0
beets/logging.py,funcao,__str__,0,0,0,0,0,0,0,0,0,0,0,0
beets/logging.py,funcao,_log,0,0,0,0,0,0,0,0,0,0,0,0
beets/logging.py,funcao,level,0,0,0,0,0,0,0,0,0,0,0,0
beets/logging.py,funcao,set_global_level,0,0,0,0,0,0,0,0,0,0,0,0
beets/logging.py,funcao,extra_debug,1,2,1,2,3,3,2.0,4.7549,0.5,2.3774,0.1321,0.0016
beets/logging.py,funcao,getLogger,0,0,0,0,0,0,0,0,0,0,0,0
beets/metadata_plugins.py,funcao,find_metadata_source_plugins,0,0,0,0,0,0,0,0,0,0,0,0
beets/metadata_plugins.py,funcao,get_metadata_source,1,2,1,2,3,3,2.0,4.7549,0.5,2.3774,0.1321,0.0016
beets/metadata_plugins.py,funcao,maybe_handle_plugin_error,0,0,0,0,0,0,0,0,0,0,0,0
beets/metadata_plugins.py,funcao,_yield_from_plugins,0,0,0,0,0,0,0,0,0,0,0,0
beets/metadata_plugins.py,funcao,candidates,0,0,0,0,0,0,0,0,0,0,0,0
beets/metadata_plugins.py,funcao,item_candidates,0,0,0,0,0,0,0,0,0,0,0,0
beets/metadata_plugins.py,funcao,albums_for_ids,0,0,0,0,0,0,0,0,0,0,0,0
beets/metadata_plugins.py,funcao,tracks_for_ids,0,0,0,0,0,0,0,0,0,0,0,0
beets/metadata_plugins.py,funcao,album_for_id,0,0,0,0,0,0,0,0,0,0,0,0
beets/metadata_plugins.py,funcao,track_for_id,0,0,0,0,0,0,0,0,0,0,0,0
beets/metadata_plugins.py,funcao,get_penalty,1,1,1,2,2,3,0,3.0,1.0,3.0,0.1667,0.001
beets/metadata_plugins.py,funcao,data_source,0,0,0,0,0,0,0,0,0,0,0,0
beets/metadata_plugins.py,funcao,data_source_mismatch_penalty,0,0,0,0,0,0,0,0,0,0,0,0
beets/metadata_plugins.py,funcao,__init__,0,0,0,0,0,0,0,0,0,0,0,0
beets/metadata_plugins.py,funcao,_extract_id,0,0,0,0,0,0,0,0,0,0,0,0
beets/metadata_plugins.py,funcao,get_artist,5,11,7,13,16,20,49.6634,80.0,2.9545,236.3636,13.1313,0.0267
beets/metadata_plugins.py,funcao,get_search_query_with_filters,0,0,0,0,0,0,0,0,0,0,0,0
beets/metadata_plugins.py,funcao,get_search_response,0,0,0,0,0,0,0,0,0,0,0,0
beets/metadata_plugins.py,funcao,_search_api,0,0,0,0,0,0,0,0,0,0,0,0
beets/metadata_plugins.py,funcao,_get_candidates,0,0,0,0,0,0,0,0,0,0,0,0
beets/plugins.py,funcao,__init__,3,4,3,4,7,7,12.7549,19.6515,1.5,29.4772,1.6376,0.0066
beets/plugins.py,funcao,filter,1,2,1,2,3,3,2.0,4.7549,0.5,2.3774,0.1321,0.0016
beets/plugins.py,funcao,__init_subclass__,4,19,11,20,23,31,88.7106,140.2304,2.1053,295.2219,16.4012,0.0467
beets/plugins.py,funcao,_verify_config,4,8,5,9,12,14,32.0,50.1895,2.25,112.9263,6.2737,0.0167
beets/plugins.py,funcao,commands,1,2,1,2,3,3,2.0,4.7549,0.5,2.3774,0.1321,0.0016
beets/plugins.py,funcao,_set_stage_log_level,0,0,0,0,0,0,0,0,0,0,0,0
beets/plugins.py,funcao,get_early_import_stages,0,0,0,0,0,0,0,0,0,0,0,0
beets/plugins.py,funcao,get_import_stages,0,0,0,0,0,0,0,0,0,0,0,0
beets/plugins.py,funcao,_set_log_level_and_params,5,10,5,10,15,15,44.8289,58.6034,2.5,146.5084,8.1394,0.0195
beets/plugins.py,funcao,queries,0,0,0,0,0,0,0,0,0,0,0,0
beets/plugins.py,funcao,add_media_field,0,0,0,0,0,0,0,0,0,0,0,0
beets/plugins.py,funcao,register_listener,1,2,1,2,3,3,2.0,4.7549,0.5,2.3774,0.1321,0.0016
beets/plugins.py,funcao,template_func,0,0,0,0,0,0,0,0,0,0,0,0
beets/plugins.py,funcao,template_field,0,0,0,0,0,0,0,0,0,0,0,0
beets/plugins.py,funcao,get_plugin_names,3,9,5,10,12,15,33.2842,53.7744,1.6667,89.6241,4.9791,0.0179
beets/plugins.py,funcao,_get_plugin,5,12,5,12,17,17,54.6292,69.4869,2.5,173.7172,9.651,0.0232
beets/plugins.py,funcao,load_plugins,1,1,1,1,2,2,0,2.0,0.5,1.0,0.0556,0.0007
beets/plugins.py,funcao,find_plugins,0,0,0,0,0,0,0,0,0,0,0,0
beets/plugins.py,funcao,types,3,6,3,6,9,9,20.2647,28.5293,1.5,42.794,2.3774,0.0095
beets/plugins.py,funcao,named_queries,0,0,0,0,0,0,0,0,0,0,0,0
beets/plugins.py,funcao,notify_info_yielded,0,0,0,0,0,0,0,0,0,0,0,0
beets/plugins.py,funcao,template_funcs,0,0,0,0,0,0,0,0,0,0,0,0
beets/plugins.py,funcao,early_import_stages,1,2,1,2,3,3,2.0,4.7549,0.5,2.3774,0.1321,0.0016
beets/plugins.py,funcao,import_stages,1,2,1,2,3,3,2.0,4.7549,0.5,2.3774,0.1321,0.0016
beets/plugins.py,funcao,_check_conflicts_and_merge,2,3,2,3,5,5,6.7549,11.6096,1.0,11.6096,0.645,0.0039
beets/plugins.py,funcao,item_field_getters,0,0,0,0,0,0,0,0,0,0,0,0
beets/plugins.py,funcao,album_field_getters,0,0,0,0,0,0,0,0,0,0,0,0
beets/plugins.py,funcao,send,1,2,1,2,3,3,2.0,4.7549,0.5,2.3774,0.1321,0.0016
beets/plugins.py,funcao,feat_tokens,1,3,2,4,4,6,4.7549,12.0,0.6667,8.0,0.4444,0.004
beets/plugins.py,funcao,apply_item_changes,2,4,2,4,6,6,10.0,15.5098,1.0,15.5098,0.8617,0.0052
beets/__init__.py,funcao,__getattr__,0,0,0,0,0,0,0,0,0,0,0,0
beets/__init__.py,funcao,read,0,0,0,0,0,0,0,0,0,0,0,0
beets/autotag/distance.py,funcao,_string_dist_basic,3,6,4,6,9,10,20.2647,31.6993,1.5,47.5489,2.6416,0.0106
beets/autotag/distance.py,funcao,string_dist,9,23,18,34,32,52,132.5713,260.0,6.6522,1729.5652,96.087,0.0867
beets/autotag/distance.py,funcao,__init__,0,0,0,0,0,0,0,0,0,0,0,0
beets/autotag/distance.py,funcao,_weights,0,0,0,0,0,0,0,0,0,0,0,0
beets/autotag/distance.py,funcao,generic_penalty_keys,0,0,0,0,0,0,0,0,0,0,0,0
beets/autotag/distance.py,funcao,distance,5,25,17,33,30,50,127.706,245.3445,3.3,809.6369,44.9798,0.0818
beets/autotag/distance.py,funcao,max_distance,2,4,2,4,6,6,10.0,15.5098,1.0,15.5098,0.8617,0.0052
beets/autotag/distance.py,funcao,raw_distance,2,4,2,4,6,6,10.0,15.5098,1.0,15.5098,0.8617,0.0052
beets/autotag/distance.py,funcao,color,1,3,2,4,4,6,4.7549,12.0,0.6667,8.0,0.4444,0.004
beets/autotag/distance.py,funcao,string,2,4,2,4,6,6,10.0,15.5098,1.0,15.5098,0.8617,0.0052
beets/autotag/distance.py,funcao,items,1,1,1,1,2,2,0,2.0,0.5,1.0,0.0556,0.0007
beets/autotag/distance.py,funcao,__hash__,0,0,0,0,0,0,0,0,0,0,0,0
beets/autotag/distance.py,funcao,__eq__,1,2,1,2,3,3,2.0,4.7549,0.5,2.3774,0.1321,0.0016
beets/autotag/distance.py,funcao,__lt__,1,2,1,2,3,3,2.0,4.7549,0.5,2.3774,0.1321,0.0016
beets/autotag/distance.py,funcao,__float__,0,0,0,0,0,0,0,0,0,0,0,0
beets/autotag/distance.py,funcao,__sub__,1,2,1,2,3,3,2.0,4.7549,0.5,2.3774,0.1321,0.0016
beets/autotag/distance.py,funcao,__rsub__,1,2,1,2,3,3,2.0,4.7549,0.5,2.3774,0.1321,0.0016
beets/autotag/distance.py,funcao,__str__,0,0,0,0,0,0,0,0,0,0,0,0
beets/autotag/distance.py,funcao,__getitem__,2,4,2,4,6,6,10.0,15.5098,1.0,15.5098,0.8617,0.0052
beets/autotag/distance.py,funcao,__iter__,0,0,0,0,0,0,0,0,0,0,0,0
beets/autotag/distance.py,funcao,__len__,0,0,0,0,0,0,0,0,0,0,0,0
beets/autotag/distance.py,funcao,keys,0,0,0,0,0,0,0,0,0,0,0,0
beets/autotag/distance.py,funcao,update,1,1,1,1,2,2,0,2.0,0.5,1.0,0.0556,0.0007
beets/autotag/distance.py,funcao,_eq,1,2,1,2,3,3,2.0,4.7549,0.5,2.3774,0.1321,0.0016
beets/autotag/distance.py,funcao,add,2,4,3,4,6,7,10.0,18.0947,1.0,18.0947,1.0053,0.006
beets/autotag/distance.py,funcao,add_equality,1,1,1,1,2,2,0,2.0,0.5,1.0,0.0556,0.0007
beets/autotag/distance.py,funcao,add_expr,0,0,0,0,0,0,0,0,0,0,0,0
beets/autotag/distance.py,funcao,add_number,1,2,1,2,3,3,2.0,4.7549,0.5,2.3774,0.1321,0.0016
beets/autotag/distance.py,funcao,add_priority,4,6,4,7,10,11,23.5098,36.5412,2.3333,85.2628,4.7368,0.0122
beets/autotag/distance.py,funcao,add_ratio,1,2,1,2,3,3,2.0,4.7549,0.5,2.3774,0.1321,0.0016
beets/autotag/distance.py,funcao,add_string,0,0,0,0,0,0,0,0,0,0,0,0
beets/autotag/distance.py,funcao,add_data_source,4,7,4,8,11,12,27.6515,41.5132,2.2857,94.8873,5.2715,0.0138
beets/autotag/distance.py,funcao,get_track_length_grace,0,0,0,0,0,0,0,0,0,0,0,0
beets/autotag/distance.py,funcao,get_track_length_max,0,0,0,0,0,0,0,0,0,0,0,0
beets/autotag/distance.py,funcao,track_index_changed,1,2,1,2,3,3,2.0,4.7549,0.5,2.3774,0.1321,0.0016
beets/autotag/distance.py,funcao,track_distance,4,15,8,17,19,25,66.6034,106.1982,2.2667,240.7159,13.3731,0.0354
beets/autotag/hooks.py,funcao,correct_list_fields,6,18,9,18,24,27,90.5684,123.794,3.0,371.382,20.6323,0.0413
beets/autotag/hooks.py,funcao,copy,0,0,0,0,0,0,0,0,0,0,0,0
beets/autotag/hooks.py,funcao,__getattribute__,2,3,2,3,5,5,6.7549,11.6096,1.0,11.6096,0.645,0.0039
beets/autotag/hooks.py,funcao,__getattr__,1,2,1,2,3,3,2.0,4.7549,0.5,2.3774,0.1321,0.0016
beets/autotag/hooks.py,funcao,__setattr__,0,0,0,0,0,0,0,0,0,0,0,0
beets/autotag/hooks.py,funcao,__hash__,0,0,0,0,0,0,0,0,0,0,0,0
beets/autotag/hooks.py,funcao,nullable_fields,0,0,0,0,0,0,0,0,0,0,0,0
beets/autotag/hooks.py,funcao,__setitem__,0,0,0,0,0,0,0,0,0,0,0,0
beets/autotag/hooks.py,funcao,id,0,0,0,0,0,0,0,0,0,0,0,0
beets/autotag/hooks.py,funcao,identifier,0,0,0,0,0,0,0,0,0,0,0,0
beets/autotag/hooks.py,funcao,name,1,2,1,2,3,3,2.0,4.7549,0.5,2.3774,0.1321,0.0016
beets/autotag/hooks.py,funcao,raw_data,3,7,4,8,10,12,24.4064,39.8631,1.7143,68.3368,3.7965,0.0133
beets/autotag/hooks.py,funcao,item_data,2,5,3,6,7,9,13.6096,25.2662,1.2,30.3194,1.6844,0.0084
beets/autotag/hooks.py,funcao,__init__,1,8,4,8,9,12,24.0,38.0391,0.5,19.0196,1.0566,0.0127
beets/autotag/hooks.py,funcao,_get_list_from_string_value,3,4,3,5,7,8,12.7549,22.4588,1.875,42.1103,2.3395,0.0075
beets/autotag/hooks.py,funcao,merge_with_album,4,8,5,9,12,14,32.0,50.1895,2.25,112.9263,6.2737,0.0167
beets/autotag/match.py,funcao,assign_items,3,7,4,7,10,11,24.4064,36.5412,1.5,54.8118,3.0451,0.0122
beets/autotag/match.py,funcao,apply_metadata,0,0,0,0,0,0,0,0,0,0,0,0
beets/autotag/match.py,funcao,type,0,0,0,0,0,0,0,0,0,0,0,0
beets/autotag/match.py,funcao,config_from_scratch,0,0,0,0,0,0,0,0,0,0,0,0
beets/autotag/match.py,funcao,from_scratch,1,2,1,2,3,3,2.0,4.7549,0.5,2.3774,0.1321,0.0016
beets/autotag/match.py,funcao,disambig_fields,2,4,2,4,6,6,10.0,15.5098,1.0,15.5098,0.8617,0.0052
beets/autotag/match.py,funcao,base_disambig_data,1,2,1,2,3,3,2.0,4.7549,0.5,2.3774,0.1321,0.0016
beets/autotag/match.py,funcao,disambig_string,1,2,1,2,3,3,2.0,4.7549,0.5,2.3774,0.1321,0.0016
beets/autotag/match.py,funcao,__post_init__,0,0,0,0,0,0,0,0,0,0,0,0
beets/autotag/match.py,funcao,item_info_pairs,0,0,0,0,0,0,0,0,0,0,0,0
beets/autotag/match.py,funcao,items,0,0,0,0,0,0,0,0,0,0,0,0
beets/autotag/match.py,funcao,merged_pairs,0,0,0,0,0,0,0,0,0,0,0,0
beets/autotag/match.py,funcao,apply_album_metadata,0,0,0,0,0,0,0,0,0,0,0,0
beets/autotag/match.py,funcao,match_by_id,1,2,2,2,3,4,2.0,6.3399,0.5,3.1699,0.1761,0.0021
beets/autotag/match.py,funcao,_recommendation,7,11,7,13,18,20,57.7052,83.3985,4.1364,344.9665,19.1648,0.0278
beets/autotag/match.py,funcao,_sort_candidates,0,0,0,0,0,0,0,0,0,0,0,0
beets/autotag/match.py,funcao,_add_candidate,4,9,5,9,13,14,36.5293,51.8062,2.0,103.6123,5.7562,0.0173
beets/autotag/match.py,funcao,tag_album,5,14,8,14,19,22,64.9126,93.4544,2.5,233.636,12.9798,0.0312
beets/autotag/match.py,funcao,tag_item,6,13,8,15,19,23,63.6155,97.7023,3.4615,338.2004,18.7889,0.0326
beets/autotag/__init__.py,funcao,__getattr__,1,2,1,2,3,3,2.0,4.7549,0.5,2.3774,0.1321,0.0016
beets/dbcore/db.py,funcao,__init__,1,2,1,2,3,3,2.0,4.7549,0.5,2.3774,0.1321,0.0016
beets/dbcore/db.py,funcao,__getitem__,2,4,3,4,6,7,10.0,18.0947,1.0,18.0947,1.0053,0.006
beets/dbcore/db.py,funcao,__iter__,0,0,0,0,0,0,0,0,0,0,0,0
beets/dbcore/db.py,funcao,__len__,2,3,2,3,5,5,6.7549,11.6096,1.0,11.6096,0.645,0.0039
beets/dbcore/db.py,funcao,get,0,0,0,0,0,0,0,0,0,0,0,0
beets/dbcore/db.py,funcao,_get_formatted,0,0,0,0,0,0,0,0,0,0,0,0
beets/dbcore/db.py,funcao,init,0,0,0,0,0,0,0,0,0,0,0,0
beets/dbcore/db.py,funcao,_convert,0,0,0,0,0,0,0,0,0,0,0,0
beets/dbcore/db.py,funcao,__setitem__,0,0,0,0,0,0,0,0,0,0,0,0
beets/dbcore/db.py,funcao,__delitem__,1,4,3,6,5,9,8.0,20.8974,0.75,15.673,0.8707,0.007
beets/dbcore/db.py,funcao,keys,0,0,0,0,0,0,0,0,0,0,0,0
beets/dbcore/db.py,funcao,copy,0,0,0,0,0,0,0,0,0,0,0,0
beets/dbcore/db.py,funcao,update,0,0,0,0,0,0,0,0,0,0,0,0
beets/dbcore/db.py,funcao,items,0,0,0,0,0,0,0,0,0,0,0,0
beets/dbcore/db.py,funcao,__contains__,1,2,1,2,3,3,2.0,4.7549,0.5,2.3774,0.1321,0.0016
beets/dbcore/db.py,funcao,_types,0,0,0,0,0,0,0,0,0,0,0,0
beets/dbcore/db.py,funcao,_queries,0,0,0,0,0,0,0,0,0,0,0,0
beets/dbcore/db.py,funcao,_relation,0,0,0,0,0,0,0,0,0,0,0,0
beets/dbcore/db.py,funcao,relation_join,0,0,0,0,0,0,0,0,0,0,0,0
beets/dbcore/db.py,funcao,all_db_fields,1,2,1,2,3,3,2.0,4.7549,0.5,2.3774,0.1321,0.0016
beets/dbcore/db.py,funcao,shared_db_fields,1,2,1,2,3,3,2.0,4.7549,0.5,2.3774,0.1321,0.0016
beets/dbcore/db.py,funcao,other_db_fields,1,2,1,2,3,3,2.0,4.7549,0.5,2.3774,0.1321,0.0016
beets/dbcore/db.py,funcao,db,0,0,0,0,0,0,0,0,0,0,0,0
beets/dbcore/db.py,funcao,get_fresh_from_db,0,0,0,0,0,0,0,0,0,0,0,0
beets/dbcore/db.py,funcao,_getters,0,0,0,0,0,0,0,0,0,0,0,0
beets/dbcore/db.py,funcao,_template_funcs,0,0,0,0,0,0,0,0,0,0,0,0
beets/dbcore/db.py,funcao,_awaken,0,0,0,0,0,0,0,0,0,0,0,0
beets/dbcore/db.py,funcao,__repr__,0,0,0,0,0,0,0,0,0,0,0,0
beets/dbcore/db.py,funcao,clear_dirty,0,0,0,0,0,0,0,0,0,0,0,0
beets/dbcore/db.py,funcao,_check_db,2,4,3,4,6,7,10.0,18.0947,1.0,18.0947,1.0053,0.006
beets/dbcore/db.py,funcao,_type,2,8,5,10,10,15,26.0,49.8289,1.25,62.2862,3.4603,0.0166
beets/dbcore/db.py,funcao,_get,0,0,0,0,0,0,0,0,0,0,0,0
beets/dbcore/db.py,funcao,_setitem,3,6,3,6,9,9,20.2647,28.5293,1.5,42.794,2.3774,0.0095
beets/dbcore/db.py,funcao,all_keys,0,0,0,0,0,0,0,0,0,0,0,0
beets/dbcore/db.py,funcao,__getattr__,0,0,0,0,0,0,0,0,0,0,0,0
beets/dbcore/db.py,funcao,__setattr__,0,0,0,0,0,0,0,0,0,0,0,0
beets/dbcore/db.py,funcao,__delattr__,0,0,0,0,0,0,0,0,0,0,0,0
beets/dbcore/db.py,funcao,store,4,7,5,10,11,15,27.6515,51.8915,2.8571,148.2614,8.2367,0.0173
beets/dbcore/db.py,funcao,load,3,5,3,5,8,8,16.3645,24.0,1.5,36.0,2.0,0.008
beets/dbcore/db.py,funcao,remove,0,0,0,0,0,0,0,0,0,0,0,0
beets/dbcore/db.py,funcao,add,1,2,1,2,3,3,2.0,4.7549,0.5,2.3774,0.1321,0.0016
beets/dbcore/db.py,funcao,formatted,0,0,0,0,0,0,0,0,0,0,0,0
beets/dbcore/db.py,funcao,evaluate_template,0,0,0,0,0,0,0,0,0,0,0,0
beets/dbcore/db.py,funcao,_parse,1,1,1,1,2,2,0,2.0,0.5,1.0,0.0556,0.0007
beets/dbcore/db.py,funcao,set_parse,0,0,0,0,0,0,0,0,0,0,0,0
beets/dbcore/db.py,funcao,__getstate__,1,2,1,2,3,3,2.0,4.7549,0.5,2.3774,0.1321,0.0016
beets/dbcore/db.py,funcao,_get_objects,4,9,7,13,13,20,36.5293,74.0088,2.8889,213.8032,11.878,0.0247
beets/dbcore/db.py,funcao,_get_indexed_flex_attrs,1,2,1,2,3,3,2.0,4.7549,0.5,2.3774,0.1321,0.0016
beets/dbcore/db.py,funcao,_make_model,2,3,2,3,5,5,6.7549,11.6096,1.0,11.6096,0.645,0.0039
beets/dbcore/db.py,funcao,__nonzero__,0,0,0,0,0,0,0,0,0,0,0,0
beets/dbcore/db.py,funcao,__bool__,0,0,0,0,0,0,0,0,0,0,0,0
beets/dbcore/db.py,funcao,__enter__,1,1,1,1,2,2,0,2.0,0.5,1.0,0.0556,0.0007
beets/dbcore/db.py,funcao,__exit__,5,9,5,9,14,14,40.139,53.303,2.5,133.2574,7.4032,0.0178
beets/dbcore/db.py,funcao,query,0,0,0,0,0,0,0,0,0,0,0,0
beets/dbcore/db.py,funcao,_handle_mutate,1,4,2,4,5,6,8.0,13.9316,0.5,6.9658,0.387,0.0046
beets/dbcore/db.py,funcao,mutate,0,0,0,0,0,0,0,0,0,0,0,0
beets/dbcore/db.py,funcao,mutate_many,0,0,0,0,0,0,0,0,0,0,0,0
beets/dbcore/db.py,funcao,script,0,0,0,0,0,0,0,0,0,0,0,0
beets/dbcore/db.py,funcao,name,0,0,0,0,0,0,0,0,0,0,0,0
beets/dbcore/db.py,funcao,with_row_factory,0,0,0,0,0,0,0,0,0,0,0,0
beets/dbcore/db.py,funcao,migrate_model,1,1,1,1,2,2,0,2.0,0.5,1.0,0.0556,0.0007
beets/dbcore/db.py,funcao,_migrate_data,0,0,0,0,0,0,0,0,0,0,0,0
beets/dbcore/db.py,funcao,db_tables,0,0,0,0,0,0,0,0,0,0,0,0
beets/dbcore/db.py,funcao,_connection,2,3,2,4,5,6,6.7549,13.9316,1.3333,18.5754,1.032,0.0046
beets/dbcore/db.py,funcao,_create_connection,2,6,3,6,8,9,17.5098,27.0,1.0,27.0,1.5,0.009
beets/dbcore/db.py,funcao,add_functions,3,10,5,10,13,15,37.9742,55.5066,1.5,83.2599,4.6255,0.0185
beets/dbcore/db.py,funcao,_close,0,0,0,0,0,0,0,0,0,0,0,0
beets/dbcore/db.py,funcao,_tx_stack,1,2,1,2,3,3,2.0,4.7549,0.5,2.3774,0.1321,0.0016
beets/dbcore/db.py,funcao,transaction,0,0,0,0,0,0,0,0,0,0,0,0
beets/dbcore/db.py,funcao,load_extension,1,1,1,1,2,2,0,2.0,0.5,1.0,0.0556,0.0007
beets/dbcore/db.py,funcao,_make_table,2,6,3,6,8,9,17.5098,27.0,1.0,27.0,1.5,0.009
beets/dbcore/db.py,funcao,_make_attribute_table,0,0,0,0,0,0,0,0,0,0,0,0
beets/dbcore/db.py,funcao,_create_indices,0,0,0,0,0,0,0,0,0,0,0,0
beets/dbcore/db.py,funcao,_ensure_migration_state_table,0,0,0,0,0,0,0,0,0,0,0,0
beets/dbcore/db.py,funcao,_migrate,0,0,0,0,0,0,0,0,0,0,0,0
beets/dbcore/db.py,funcao,migration_exists,1,2,1,2,3,3,2.0,4.7549,0.5,2.3774,0.1321,0.0016
beets/dbcore/db.py,funcao,record_migration,0,0,0,0,0,0,0,0,0,0,0,0
beets/dbcore/db.py,funcao,_fetch,3,10,5,10,13,15,37.9742,55.5066,1.5,83.2599,4.6255,0.0185
beets/dbcore/pathutils.py,funcao,_is_same_path_or_child,2,4,2,4,6,6,10.0,15.5098,1.0,15.5098,0.8617,0.0052
beets/dbcore/pathutils.py,funcao,_to_db_path,0,0,0,0,0,0,0,0,0,0,0,0
beets/dbcore/pathutils.py,funcao,_from_db_path,0,0,0,0,0,0,0,0,0,0,0,0
beets/dbcore/pathutils.py,funcao,normalize_path_for_db,2,5,4,5,7,9,13.6096,25.2662,1.0,25.2662,1.4037,0.0084
beets/dbcore/pathutils.py,funcao,expand_path_from_db,2,4,2,4,6,6,10.0,15.5098,1.0,15.5098,0.8617,0.0052
beets/dbcore/query.py,funcao,__init__,0,0,0,0,0,0,0,0,0,0,0,0
beets/dbcore/query.py,funcao,field_names,0,0,0,0,0,0,0,0,0,0,0,0
beets/dbcore/query.py,funcao,clause,0,0,0,0,0,0,0,0,0,0,0,0
beets/dbcore/query.py,funcao,match,1,2,1,2,3,3,2.0,4.7549,0.5,2.3774,0.1321,0.0016
beets/dbcore/query.py,funcao,__and__,0,0,0,0,0,0,0,0,0,0,0,0
beets/dbcore/query.py,funcao,__repr__,0,0,0,0,0,0,0,0,0,0,0,0
beets/dbcore/query.py,funcao,__eq__,2,3,2,4,5,6,6.7549,13.9316,1.3333,18.5754,1.032,0.0046
beets/dbcore/query.py,funcao,__hash__,0,0,0,0,0,0,0,0,0,0,0,0
beets/dbcore/query.py,funcao,field,0,0,0,0,0,0,0,0,0,0,0,0
beets/dbcore/query.py,funcao,col_clause,0,0,0,0,0,0,0,0,0,0,0,0
beets/dbcore/query.py,funcao,value_match,1,2,1,2,3,3,2.0,4.7549,0.5,2.3774,0.1321,0.0016
beets/dbcore/query.py,funcao,string_match,1,2,1,2,3,3,2.0,4.7549,0.5,2.3774,0.1321,0.0016
beets/dbcore/query.py,funcao,dir_path,0,0,0,0,0,0,0,0,0,0,0,0
beets/dbcore/query.py,funcao,is_path_query,2,4,2,4,6,6,10.0,15.5098,1.0,15.5098,0.8617,0.0052
beets/dbcore/query.py,funcao,_normalize,0,0,0,0,0,0,0,0,0,0,0,0
beets/dbcore/query.py,funcao,_convert,1,1,1,1,2,2,0,2.0,0.5,1.0,0.0556,0.0007
beets/dbcore/query.py,funcao,subvals,0,0,0,0,0,0,0,0,0,0,0,0
beets/dbcore/query.py,funcao,__len__,0,0,0,0,0,0,0,0,0,0,0,0
beets/dbcore/query.py,funcao,__getitem__,0,0,0,0,0,0,0,0,0,0,0,0
beets/dbcore/query.py,funcao,__iter__,0,0,0,0,0,0,0,0,0,0,0,0
beets/dbcore/query.py,funcao,__contains__,1,2,1,2,3,3,2.0,4.7549,0.5,2.3774,0.1321,0.0016
beets/dbcore/query.py,funcao,clause_with_joiner,2,3,2,3,5,5,6.7549,11.6096,1.0,11.6096,0.645,0.0039
beets/dbcore/query.py,funcao,__setitem__,0,0,0,0,0,0,0,0,0,0,0,0
beets/dbcore/query.py,funcao,__delitem__,0,0,0,0,0,0,0,0,0,0,0,0
beets/dbcore/query.py,funcao,_parse_periods,1,2,1,2,3,3,2.0,4.7549,0.5,2.3774,0.1321,0.0016
beets/dbcore/query.py,funcao,parse,8,16,10,18,24,28,88.0,128.379,4.5,577.7053,32.0947,0.0428
beets/dbcore/query.py,funcao,open_right_endpoint,3,14,14,28,17,42,58.0579,171.6734,3.0,515.0203,28.6122,0.0572
beets/dbcore/query.py,funcao,from_periods,1,3,2,4,4,6,4.7549,12.0,0.6667,8.0,0.4444,0.004
beets/dbcore/query.py,funcao,contains,4,8,6,12,12,18,32.0,64.5293,3.0,193.588,10.7549,0.0215
beets/dbcore/query.py,funcao,__str__,0,0,0,0,0,0,0,0,0,0,0,0
beets/dbcore/query.py,funcao,__new__,0,0,0,0,0,0,0,0,0,0,0,0
beets/dbcore/queryparse.py,funcao,parse_query_part,0,0,0,0,0,0,0,0,0,0,0,0
beets/dbcore/queryparse.py,funcao,construct_query_part,2,3,2,3,5,5,6.7549,11.6096,1.0,11.6096,0.645,0.0039
beets/dbcore/queryparse.py,funcao,query_from_strings,1,1,1,1,2,2,0,2.0,0.5,1.0,0.0556,0.0007
beets/dbcore/queryparse.py,funcao,construct_sort_part,3,8,6,10,11,16,28.7549,55.3509,1.875,103.7829,5.7657,0.0185
beets/dbcore/queryparse.py,funcao,sort_from_strings,2,3,2,3,5,5,6.7549,11.6096,1.0,11.6096,0.645,0.0039
beets/dbcore/queryparse.py,funcao,parse_sorted_query,4,8,5,10,12,15,32.0,53.7744,2.5,134.4361,7.4687,0.0179
beets/dbcore/sort.py,funcao,order_clause,0,0,0,0,0,0,0,0,0,0,0,0
beets/dbcore/sort.py,funcao,sort,2,3,2,3,5,5,6.7549,11.6096,1.0,11.6096,0.645,0.0039
beets/dbcore/sort.py,funcao,is_slow,0,0,0,0,0,0,0,0,0,0,0,0
beets/dbcore/sort.py,funcao,__hash__,0,0,0,0,0,0,0,0,0,0,0,0
beets/dbcore/sort.py,funcao,__eq__,2,6,3,6,8,9,17.5098,27.0,1.0,27.0,1.5,0.009
beets/dbcore/sort.py,funcao,__repr__,0,0,0,0,0,0,0,0,0,0,0,0
beets/dbcore/sort.py,funcao,__init__,0,0,0,0,0,0,0,0,0,0,0,0
beets/dbcore/sort.py,funcao,add_sort,0,0,0,0,0,0,0,0,0,0,0,0
beets/dbcore/sort.py,funcao,__nonzero__,0,0,0,0,0,0,0,0,0,0,0,0
beets/dbcore/sort.py,funcao,__bool__,0,0,0,0,0,0,0,0,0,0,0,0
beets/dbcore/types.py,funcao,__init__,0,0,0,0,0,0,0,0,0,0,0,0
beets/dbcore/types.py,funcao,null,0,0,0,0,0,0,0,0,0,0,0,0
beets/dbcore/types.py,funcao,format,2,3,2,3,5,5,6.7549,11.6096,1.0,11.6096,0.645,0.0039
beets/dbcore/types.py,funcao,parse,0,0,0,0,0,0,0,0,0,0,0,0
beets/dbcore/types.py,funcao,normalize,1,2,1,2,3,3,2.0,4.7549,0.5,2.3774,0.1321,0.0016
beets/dbcore/types.py,funcao,from_sql,0,0,0,0,0,0,0,0,0,0,0,0
beets/dbcore/types.py,funcao,to_sql,0,0,0,0,0,0,0,0,0,0,0,0
beets/importer/session.py,funcao,__init__,1,2,1,2,3,3,2.0,4.7549,0.5,2.3774,0.1321,0.0016
beets/importer/session.py,funcao,_setup_logging,1,1,1,1,2,2,0,2.0,0.5,1.0,0.0556,0.0007
beets/importer/session.py,funcao,set_config,2,3,2,3,5,5,6.7549,11.6096,1.0,11.6096,0.645,0.0039
beets/importer/session.py,funcao,tag_log,0,0,0,0,0,0,0,0,0,0,0,0
beets/importer/session.py,funcao,log_choice,2,4,4,8,6,12,10.0,31.0196,2.0,62.0391,3.4466,0.0103
beets/importer/session.py,funcao,should_resume,0,0,0,0,0,0,0,0,0,0,0,0
beets/importer/session.py,funcao,choose_match,0,0,0,0,0,0,0,0,0,0,0,0
beets/importer/session.py,funcao,resolve_duplicate,0,0,0,0,0,0,0,0,0,0,0,0
beets/importer/session.py,funcao,choose_item,0,0,0,0,0,0,0,0,0,0,0,0
beets/importer/session.py,funcao,run,4,11,8,15,15,23,46.0537,89.8585,2.7273,245.0686,13.6149,0.03
beets/importer/session.py,funcao,already_imported,2,6,3,6,8,9,17.5098,27.0,1.0,27.0,1.5,0.009
beets/importer/session.py,funcao,history_dirs,1,2,1,2,3,3,2.0,4.7549,0.5,2.3774,0.1321,0.0016
beets/importer/session.py,funcao,already_merged,2,5,3,6,7,9,13.6096,25.2662,1.2,30.3194,1.6844,0.0084
beets/importer/session.py,funcao,mark_merged,0,0,0,0,0,0,0,0,0,0,0,0
beets/importer/session.py,funcao,is_resuming,0,0,0,0,0,0,0,0,0,0,0,0
beets/importer/session.py,funcao,ask_resume,3,5,3,6,8,9,16.3645,27.0,1.8,48.6,2.7,0.009
beets/importer/stages.py,funcao,read_tasks,2,2,2,3,4,5,4.0,10.0,1.5,15.0,0.8333,0.0033
beets/importer/stages.py,funcao,query_tasks,0,0,0,0,0,0,0,0,0,0,0,0
beets/importer/stages.py,funcao,group_albums,2,4,2,4,6,6,10.0,15.5098,1.0,15.5098,0.8617,0.0052
beets/importer/stages.py,funcao,lookup_candidates,0,0,0,0,0,0,0,0,0,0,0,0
beets/importer/stages.py,funcao,user_query,2,7,4,8,9,12,21.6515,38.0391,1.1429,43.4733,2.4152,0.0127
beets/importer/stages.py,funcao,import_asis,0,0,0,0,0,0,0,0,0,0,0,0
beets/importer/stages.py,funcao,plugin_stage,0,0,0,0,0,0,0,0,0,0,0,0
beets/importer/stages.py,funcao,log_files,0,0,0,0,0,0,0,0,0,0,0,0
beets/importer/stages.py,funcao,manipulate_files,2,3,2,3,5,5,6.7549,11.6096,1.0,11.6096,0.645,0.0039
beets/importer/stages.py,funcao,_apply_choice,0,0,0,0,0,0,0,0,0,0,0,0
beets/importer/stages.py,funcao,_resolve_duplicates,2,7,5,10,9,15,21.6515,47.5489,1.4286,67.927,3.7737,0.0158
beets/importer/stages.py,funcao,_freshen_items,0,0,0,0,0,0,0,0,0,0,0,0
beets/importer/stages.py,funcao,_extend_pipeline,0,0,0,0,0,0,0,0,0,0,0,0
beets/importer/state.py,funcao,__init__,1,2,1,2,3,3,2.0,4.7549,0.5,2.3774,0.1321,0.0016
beets/importer/state.py,funcao,__enter__,0,0,0,0,0,0,0,0,0,0,0,0
beets/importer/state.py,funcao,__exit__,0,0,0,0,0,0,0,0,0,0,0,0
beets/importer/state.py,funcao,_open,0,0,0,0,0,0,0,0,0,0,0,0
beets/importer/state.py,funcao,_save,0,0,0,0,0,0,0,0,0,0,0,0
beets/importer/state.py,funcao,progress_add,3,5,3,5,8,8,16.3645,24.0,1.5,36.0,2.0,0.008
beets/importer/state.py,funcao,progress_has_element,3,6,3,6,9,9,20.2647,28.5293,1.5,42.794,2.3774,0.0095
beets/importer/state.py,funcao,progress_has,1,2,1,2,3,3,2.0,4.7549,0.5,2.3774,0.1321,0.0016
beets/importer/state.py,funcao,progress_reset,1,2,1,2,3,3,2.0,4.7549,0.5,2.3774,0.1321,0.0016
beets/importer/state.py,funcao,history_add,0,0,0,0,0,0,0,0,0,0,0,0
beets/importer/tasks.py,funcao,__init__,0,0,0,0,0,0,0,0,0,0,0,0
beets/importer/tasks.py,funcao,set_choice,0,0,0,0,0,0,0,0,0,0,0,0
beets/importer/tasks.py,funcao,save_progress,1,1,1,1,2,2,0,2.0,0.5,1.0,0.0556,0.0007
beets/importer/tasks.py,funcao,save_history,0,0,0,0,0,0,0,0,0,0,0,0
beets/importer/tasks.py,funcao,apply,1,2,1,2,3,3,2.0,4.7549,0.5,2.3774,0.1321,0.0016
beets/importer/tasks.py,funcao,skip,0,0,0,0,0,0,0,0,0,0,0,0
beets/importer/tasks.py,funcao,chosen_info,2,4,3,6,6,9,10.0,23.2647,1.5,34.897,1.9387,0.0078
beets/importer/tasks.py,funcao,imported_items,0,0,0,0,0,0,0,0,0,0,0,0
beets/importer/tasks.py,funcao,apply_metadata,0,0,0,0,0,0,0,0,0,0,0,0
beets/importer/tasks.py,funcao,duplicate_items,1,2,1,2,3,3,2.0,4.7549,0.5,2.3774,0.1321,0.0016
beets/importer/tasks.py,funcao,remove_duplicates,1,2,1,2,3,3,2.0,4.7549,0.5,2.3774,0.1321,0.0016
beets/importer/tasks.py,funcao,set_fields,0,0,0,0,0,0,0,0,0,0,0,0
beets/importer/tasks.py,funcao,finalize,2,5,4,6,7,10,13.6096,28.0735,1.2,33.6883,1.8716,0.0094
beets/importer/tasks.py,funcao,cleanup,2,4,3,4,6,7,10.0,18.0947,1.0,18.0947,1.0053,0.006
beets/importer/tasks.py,funcao,_emit_imported,0,0,0,0,0,0,0,0,0,0,0,0
beets/importer/tasks.py,funcao,handle_created,1,1,1,1,2,2,0,2.0,0.5,1.0,0.0556,0.0007
beets/importer/tasks.py,funcao,lookup_candidates,0,0,0,0,0,0,0,0,0,0,0,0
beets/importer/tasks.py,funcao,find_duplicates,1,1,1,2,2,3,0,3.0,1.0,3.0,0.1667,0.001
beets/importer/tasks.py,funcao,align_album_level_fields,8,23,15,26,31,41,128.0419,203.122,4.5217,918.4649,51.0258,0.0677
beets/importer/tasks.py,funcao,manipulate_files,6,14,7,15,20,22,68.8127,95.0824,3.2143,305.6221,16.979,0.0317
beets/importer/tasks.py,funcao,add,0,0,0,0,0,0,0,0,0,0,0,0
beets/importer/tasks.py,funcao,record_replaced,3,4,3,5,7,8,12.7549,22.4588,1.875,42.1103,2.3395,0.0075
beets/importer/tasks.py,funcao,reimport_metadata,3,9,5,11,12,16,33.2842,57.3594,1.8333,105.1589,5.8422,0.0191
beets/importer/tasks.py,funcao,remove_replaced,0,0,0,0,0,0,0,0,0,0,0,0
beets/importer/tasks.py,funcao,choose_match,0,0,0,0,0,0,0,0,0,0,0,0
beets/importer/tasks.py,funcao,reload,0,0,0,0,0,0,0,0,0,0,0,0
beets/importer/tasks.py,funcao,prune,2,3,2,3,5,5,6.7549,11.6096,1.0,11.6096,0.645,0.0039
beets/importer/tasks.py,funcao,infer_album_fields,0,0,0,0,0,0,0,0,0,0,0,0
beets/importer/tasks.py,funcao,is_archive,1,1,1,1,2,2,0,2.0,0.5,1.0,0.0556,0.0007
beets/importer/tasks.py,funcao,handlers,0,0,0,0,0,0,0,0,0,0,0,0
beets/importer/tasks.py,funcao,extract,2,3,2,3,5,5,6.7549,11.6096,1.0,11.6096,0.645,0.0039
beets/importer/tasks.py,funcao,tasks,3,4,3,5,7,8,12.7549,22.4588,1.875,42.1103,2.3395,0.0075
beets/importer/tasks.py,funcao,_create,1,2,1,2,3,3,2.0,4.7549,0.5,2.3774,0.1321,0.0016
beets/importer/tasks.py,funcao,paths,2,3,2,3,5,5,6.7549,11.6096,1.0,11.6096,0.645,0.0039
beets/importer/tasks.py,funcao,singleton,1,2,1,2,3,3,2.0,4.7549,0.5,2.3774,0.1321,0.0016
beets/importer/tasks.py,funcao,album,3,6,3,6,9,9,20.2647,28.5293,1.5,42.794,2.3774,0.0095
beets/importer/tasks.py,funcao,sentinel,0,0,0,0,0,0,0,0,0,0,0,0
beets/importer/tasks.py,funcao,unarchive,2,3,2,3,5,5,6.7549,11.6096,1.0,11.6096,0.645,0.0039
beets/importer/tasks.py,funcao,read_item,0,0,0,0,0,0,0,0,0,0,0,0
beets/importer/tasks.py,funcao,is_subdir_of_any_in_list,1,2,1,2,3,3,2.0,4.7549,0.5,2.3774,0.1321,0.0016
beets/importer/tasks.py,funcao,albums_in_dir,4,11,8,13,15,21,46.0537,82.0447,2.3636,193.9238,10.7735,0.0273
beets/library/exceptions.py,funcao,__init__,0,0,0,0,0,0,0,0,0,0,0,0
beets/library/exceptions.py,funcao,__str__,0,0,0,0,0,0,0,0,0,0,0,0
beets/library/library.py,funcao,path_formats,0,0,0,0,0,0,0,0,0,0,0,0
beets/library/library.py,funcao,get_replacements,1,2,1,2,3,3,2.0,4.7549,0.5,2.3774,0.1321,0.0016
beets/library/library.py,funcao,__init__,1,2,1,2,3,3,2.0,4.7549,0.5,2.3774,0.1321,0.0016
beets/library/library.py,funcao,music_dir_context,0,0,0,0,0,0,0,0,0,0,0,0
beets/library/library.py,funcao,add,0,0,0,0,0,0,0,0,0,0,0,0
beets/library/library.py,funcao,add_album,2,3,2,3,5,5,6.7549,11.6096,1.0,11.6096,0.645,0.0039
beets/library/library.py,funcao,_fetch,2,3,2,3,5,5,6.7549,11.6096,1.0,11.6096,0.645,0.0039
beets/library/library.py,funcao,get_default_album_sort,0,0,0,0,0,0,0,0,0,0,0,0
beets/library/library.py,funcao,get_default_item_sort,0,0,0,0,0,0,0,0,0,0,0,0
beets/library/library.py,funcao,albums,1,2,1,2,3,3,2.0,4.7549,0.5,2.3774,0.1321,0.0016
beets/library/library.py,funcao,items,1,2,1,2,3,3,2.0,4.7549,0.5,2.3774,0.1321,0.0016
beets/library/library.py,funcao,get_item,0,0,0,0,0,0,0,0,0,0,0,0
beets/library/library.py,funcao,get_album,0,0,0,0,0,0,0,0,0,0,0,0
beets/library/migrations.py,funcao,separators,0,0,0,0,0,0,0,0,0,0,0,0
beets/library/migrations.py,funcao,convert_to_list_value,1,2,1,2,3,3,2.0,4.7549,0.5,2.3774,0.1321,0.0016
beets/library/migrations.py,funcao,_migrate_data,1,2,1,2,3,3,2.0,4.7549,0.5,2.3774,0.1321,0.0016
beets/library/migrations.py,funcao,_migrate_field,2,3,2,3,5,5,6.7549,11.6096,1.0,11.6096,0.645,0.0039
beets/library/models.py,funcao,_fields,0,0,0,0,0,0,0,0,0,0,0,0
beets/library/models.py,funcao,_types,0,0,0,0,0,0,0,0,0,0,0,0
beets/library/models.py,funcao,_queries,0,0,0,0,0,0,0,0,0,0,0,0
beets/library/models.py,funcao,writable_media_fields,1,2,1,2,3,3,2.0,4.7549,0.5,2.3774,0.1321,0.0016
beets/library/models.py,funcao,filepath,0,0,0,0,0,0,0,0,0,0,0,0
beets/library/models.py,funcao,_template_funcs,0,0,0,0,0,0,0,0,0,0,0,0
beets/library/models.py,funcao,store,3,5,4,8,8,12,16.3645,36.0,2.4,86.4,4.8,0.012
beets/library/models.py,funcao,remove,2,3,2,3,5,5,6.7549,11.6096,1.0,11.6096,0.645,0.0039
beets/library/models.py,funcao,add,0,0,0,0,0,0,0,0,0,0,0,0
beets/library/models.py,funcao,__format__,1,1,1,1,2,2,0,2.0,0.5,1.0,0.0556,0.0007
beets/library/models.py,funcao,__str__,0,0,0,0,0,0,0,0,0,0,0,0
beets/library/models.py,funcao,__bytes__,0,0,0,0,0,0,0,0,0,0,0,0
beets/library/models.py,funcao,field_query,4,11,7,14,15,21,46.0537,82.0447,2.5455,208.8411,11.6023,0.0273
beets/library/models.py,funcao,any_field_query,0,0,0,0,0,0,0,0,0,0,0,0
beets/library/models.py,funcao,any_writable_media_field_query,0,0,0,0,0,0,0,0,0,0,0,0
beets/library/models.py,funcao,duplicates_query,1,2,1,2,3,3,2.0,4.7549,0.5,2.3774,0.1321,0.0016
beets/library/models.py,funcao,__init__,0,0,0,0,0,0,0,0,0,0,0,0
beets/library/models.py,funcao,all_keys,0,0,0,0,0,0,0,0,0,0,0,0
beets/library/models.py,funcao,album_keys,4,7,4,8,11,12,27.6515,41.5132,2.2857,94.8873,5.2715,0.0138
beets/library/models.py,funcao,album,0,0,0,0,0,0,0,0,0,0,0,0
beets/library/models.py,funcao,_get,2,5,4,8,7,12,13.6096,33.6883,1.6,53.9012,2.9945,0.0112
beets/library/models.py,funcao,__getitem__,0,0,0,0,0,0,0,0,0,0,0,0
beets/library/models.py,funcao,__iter__,0,0,0,0,0,0,0,0,0,0,0,0
beets/library/models.py,funcao,__len__,0,0,0,0,0,0,0,0,0,0,0,0
beets/library/models.py,funcao,_relation,0,0,0,0,0,0,0,0,0,0,0,0
beets/library/models.py,funcao,relation_join,0,0,0,0,0,0,0,0,0,0,0,0
beets/library/models.py,funcao,art_filepath,0,0,0,0,0,0,0,0,0,0,0,0
beets/library/models.py,funcao,_getters,1,2,1,2,3,3,2.0,4.7549,0.5,2.3774,0.1321,0.0016
beets/library/models.py,funcao,items,0,0,0,0,0,0,0,0,0,0,0,0
beets/library/models.py,funcao,move_art,2,10,9,16,12,25,35.2193,89.6241,1.6,143.3985,7.9666,0.0299
beets/library/models.py,funcao,move,1,2,1,2,3,3,2.0,4.7549,0.5,2.3774,0.1321,0.0016
beets/library/models.py,funcao,item_dir,1,1,1,1,2,2,0,2.0,0.5,1.0,0.0556,0.0007
beets/library/models.py,funcao,_albumtotal,5,10,6,11,15,17,44.8289,66.4171,2.75,182.6471,10.1471,0.0221
beets/library/models.py,funcao,art_destination,2,4,2,4,6,6,10.0,15.5098,1.0,15.5098,0.8617,0.0052
beets/library/models.py,funcao,set_art,1,2,1,2,3,3,2.0,4.7549,0.5,2.3774,0.1321,0.0016
beets/library/models.py,funcao,try_sync,2,4,2,4,6,6,10.0,15.5098,1.0,15.5098,0.8617,0.0052
beets/library/models.py,funcao,length,0,0,0,0,0,0,0,0,0,0,0,0
beets/library/models.py,funcao,_cached_album,0,0,0,0,0,0,0,0,0,0,0,0
beets/library/models.py,funcao,from_path,0,0,0,0,0,0,0,0,0,0,0,0
beets/library/models.py,funcao,__setitem__,3,6,4,8,9,12,20.2647,38.0391,2.0,76.0782,4.2266,0.0127
beets/library/models.py,funcao,__repr__,0,0,0,0,0,0,0,0,0,0,0,0
beets/library/models.py,funcao,keys,2,4,2,4,6,6,10.0,15.5098,1.0,15.5098,0.8617,0.0052
beets/library/models.py,funcao,get,0,0,0,0,0,0,0,0,0,0,0,0
beets/library/models.py,funcao,update,3,5,3,6,8,9,16.3645,27.0,1.8,48.6,2.7,0.009
beets/library/models.py,funcao,clear,0,0,0,0,0,0,0,0,0,0,0,0
beets/library/models.py,funcao,get_album,1,1,1,1,2,2,0,2.0,0.5,1.0,0.0556,0.0007
beets/library/models.py,funcao,read,3,5,3,6,8,9,16.3645,27.0,1.8,48.6,2.7,0.009
beets/library/models.py,funcao,write,4,6,5,10,10,15,23.5098,49.8289,3.3333,166.0964,9.2276,0.0166
beets/library/models.py,funcao,try_write,0,0,0,0,0,0,0,0,0,0,0,0
beets/library/models.py,funcao,move_file,2,8,7,13,10,20,26.0,66.4386,1.625,107.9627,5.9979,0.0221
beets/library/models.py,funcao,current_mtime,0,0,0,0,0,0,0,0,0,0,0,0
beets/library/models.py,funcao,try_filesize,0,0,0,0,0,0,0,0,0,0,0,0
beets/library/models.py,funcao,has_cover_art,0,0,0,0,0,0,0,0,0,0,0,0
beets/library/models.py,funcao,destination,2,7,5,10,9,15,21.6515,47.5489,1.4286,67.927,3.7737,0.0158
beets/library/models.py,funcao,_int_arg,0,0,0,0,0,0,0,0,0,0,0,0
beets/library/models.py,funcao,_func_names,0,0,0,0,0,0,0,0,0,0,0,0
beets/library/models.py,funcao,functions,0,0,0,0,0,0,0,0,0,0,0,0
beets/library/models.py,funcao,tmpl_lower,0,0,0,0,0,0,0,0,0,0,0,0
beets/library/models.py,funcao,tmpl_upper,0,0,0,0,0,0,0,0,0,0,0,0
beets/library/models.py,funcao,tmpl_capitalize,0,0,0,0,0,0,0,0,0,0,0,0
beets/library/models.py,funcao,tmpl_title,0,0,0,0,0,0,0,0,0,0,0,0
beets/library/models.py,funcao,tmpl_left,0,0,0,0,0,0,0,0,0,0,0,0
beets/library/models.py,funcao,tmpl_right,1,1,1,1,2,2,0,2.0,0.5,1.0,0.0556,0.0007
beets/library/models.py,funcao,tmpl_if,1,2,1,2,3,3,2.0,4.7549,0.5,2.3774,0.1321,0.0016
beets/library/models.py,funcao,tmpl_asciify,0,0,0,0,0,0,0,0,0,0,0,0
beets/library/models.py,funcao,tmpl_time,0,0,0,0,0,0,0,0,0,0,0,0
beets/library/models.py,funcao,tmpl_aunique,4,8,6,10,12,16,32.0,57.3594,2.5,143.3985,7.9666,0.0191
beets/library/models.py,funcao,tmpl_sunique,4,7,5,8,11,13,27.6515,44.9726,2.2857,102.7945,5.7108,0.015
beets/library/models.py,funcao,_tmpl_unique_memokey,0,0,0,0,0,0,0,0,0,0,0,0
beets/library/models.py,funcao,_tmpl_unique,4,13,7,14,17,21,56.1057,85.8367,2.1538,184.8791,10.2711,0.0286
beets/library/models.py,funcao,tmpl_first,1,2,1,2,3,3,2.0,4.7549,0.5,2.3774,0.1321,0.0016
beets/library/models.py,funcao,tmpl_ifdef,1,2,1,2,3,3,2.0,4.7549,0.5,2.3774,0.1321,0.0016
beets/library/queries.py,funcao,parse_query_parts,0,0,0,0,0,0,0,0,0,0,0,0
beets/library/queries.py,funcao,parse_query_string,0,0,0,0,0,0,0,0,0,0,0,0
beets/library/__init__.py,funcao,__getattr__,0,0,0,0,0,0,0,0,0,0,0,0
beets/test/helper.py,funcao,__init__,0,0,0,0,0,0,0,0,0,0,0,0
beets/test/helper.py,funcao,emit,0,0,0,0,0,0,0,0,0,0,0,0
beets/test/helper.py,funcao,capture_log,0,0,0,0,0,0,0,0,0,0,0,0
beets/test/helper.py,funcao,has_program,0,0,0,0,0,0,0,0,0,0,0,0
beets/test/helper.py,funcao,check_reflink_support,0,0,0,0,0,0,0,0,0,0,0,0
beets/test/helper.py,funcao,config,0,0,0,0,0,0,0,0,0,0,0,0
beets/test/helper.py,funcao,run_command,1,1,1,2,2,3,0,3.0,1.0,3.0,0.1667,0.001
beets/test/helper.py,funcao,run_with_output,0,0,0,0,0,0,0,0,0,0,0,0
beets/test/helper.py,funcao,setup,0,0,0,0,0,0,0,0,0,0,0,0
beets/test/helper.py,funcao,temp_dir_path,0,0,0,0,0,0,0,0,0,0,0,0
beets/test/helper.py,funcao,temp_dir,0,0,0,0,0,0,0,0,0,0,0,0
beets/test/helper.py,funcao,lib_path,1,2,1,2,3,3,2.0,4.7549,0.5,2.3774,0.1321,0.0016
beets/test/helper.py,funcao,libdir,0,0,0,0,0,0,0,0,0,0,0,0
beets/test/helper.py,funcao,setup_beets,0,0,0,0,0,0,0,0,0,0,0,0
beets/test/helper.py,funcao,teardown_beets,0,0,0,0,0,0,0,0,0,0,0,0
beets/test/helper.py,funcao,create_item,1,2,1,2,3,3,2.0,4.7549,0.5,2.3774,0.1321,0.0016
beets/test/helper.py,funcao,add_item,2,2,2,4,4,6,4.0,12.0,2.0,24.0,1.3333,0.004
beets/test/helper.py,funcao,add_item_fixture,0,0,0,0,0,0,0,0,0,0,0,0
beets/test/helper.py,funcao,add_album,0,0,0,0,0,0,0,0,0,0,0,0
beets/test/helper.py,funcao,add_item_fixtures,0,0,0,0,0,0,0,0,0,0,0,0
beets/test/helper.py,funcao,add_album_fixture,1,2,1,2,3,3,2.0,4.7549,0.5,2.3774,0.1321,0.0016
beets/test/helper.py,funcao,create_mediafile_fixture,1,1,1,1,2,2,0,2.0,0.5,1.0,0.0556,0.0007
beets/test/helper.py,funcao,create_temp_dir,0,0,0,0,0,0,0,0,0,0,0,0
beets/test/helper.py,funcao,remove_temp_dir,0,0,0,0,0,0,0,0,0,0,0,0
beets/test/helper.py,funcao,touch,1,2,2,2,3,4,2.0,6.3399,0.5,3.1699,0.1761,0.0021
beets/test/helper.py,funcao,setUp,0,0,0,0,0,0,0,0,0,0,0,0
beets/test/helper.py,funcao,register_plugin,0,0,0,0,0,0,0,0,0,0,0,0
beets/test/helper.py,funcao,load_plugins,0,0,0,0,0,0,0,0,0,0,0,0
beets/test/helper.py,funcao,unload_plugins,0,0,0,0,0,0,0,0,0,0,0,0
beets/test/helper.py,funcao,configure_plugin,0,0,0,0,0,0,0,0,0,0,0,0
beets/test/helper.py,funcao,import_path,1,2,1,2,3,3,2.0,4.7549,0.5,2.3774,0.1321,0.0016
beets/test/helper.py,funcao,import_dir,0,0,0,0,0,0,0,0,0,0,0,0
beets/test/helper.py,funcao,prepare_track_for_import,1,2,1,2,3,3,2.0,4.7549,0.5,2.3774,0.1321,0.0016
beets/test/helper.py,funcao,prepare_album_for_import,3,5,3,5,8,8,16.3645,24.0,1.5,36.0,2.0,0.008
beets/test/helper.py,funcao,prepare_albums_for_import,2,4,3,5,6,8,10.0,20.6797,1.25,25.8496,1.4361,0.0069
beets/test/helper.py,funcao,_get_import_session,0,0,0,0,0,0,0,0,0,0,0,0
beets/test/helper.py,funcao,setup_importer,1,1,1,2,2,3,0,3.0,1.0,3.0,0.1667,0.001
beets/test/helper.py,funcao,setup_singleton_importer,0,0,0,0,0,0,0,0,0,0,0,0
beets/test/helper.py,funcao,run_asis_importer,0,0,0,0,0,0,0,0,0,0,0,0
beets/test/helper.py,funcao,add_choice,0,0,0,0,0,0,0,0,0,0,0,0
beets/test/helper.py,funcao,clear_choices,0,0,0,0,0,0,0,0,0,0,0,0
beets/test/helper.py,funcao,choose_match,0,0,0,0,0,0,0,0,0,0,0,0
beets/test/helper.py,funcao,resolve_duplicate,1,4,3,6,5,9,8.0,20.8974,0.75,15.673,0.8707,0.007
beets/test/helper.py,funcao,choose_item,0,0,0,0,0,0,0,0,0,0,0,0
beets/test/helper.py,funcao,_add_choice_input,1,6,5,10,7,15,15.5098,42.1103,0.8333,35.0919,1.9496,0.014
beets/test/helper.py,funcao,install,0,0,0,0,0,0,0,0,0,0,0,0
beets/test/helper.py,funcao,restore,0,0,0,0,0,0,0,0,0,0,0,0
beets/test/helper.py,funcao,candidates,2,7,5,10,9,15,21.6515,47.5489,1.4286,67.927,3.7737,0.0158
beets/test/helper.py,funcao,item_candidates,0,0,0,0,0,0,0,0,0,0,0,0
beets/test/helper.py,funcao,_make_track_match,0,0,0,0,0,0,0,0,0,0,0,0
beets/test/helper.py,funcao,_make_album_match,4,8,4,8,12,12,32.0,43.0196,2.0,86.0391,4.78,0.0143
beets/test/helper.py,funcao,get,2,4,2,4,6,6,10.0,15.5098,1.0,15.5098,0.8617,0.0052
beets/test/helper.py,funcao,image_request_mock,0,0,0,0,0,0,0,0,0,0,0,0
beets/test/helper.py,funcao,tearDownClass,0,0,0,0,0,0,0,0,0,0,0,0
beets/test/_common.py,funcao,item,0,0,0,0,0,0,0,0,0,0,0,0
beets/test/_common.py,funcao,import_session,0,0,0,0,0,0,0,0,0,0,0,0
beets/test/_common.py,funcao,__str__,0,0,0,0,0,0,0,0,0,0,0,0
beets/test/_common.py,funcao,__init__,0,0,0,0,0,0,0,0,0,0,0,0
beets/test/_common.py,funcao,add,0,0,0,0,0,0,0,0,0,0,0,0
beets/test/_common.py,funcao,close,0,0,0,0,0,0,0,0,0,0,0,0
beets/test/_common.py,funcao,readline,1,1,1,1,2,2,0,2.0,0.5,1.0,0.0556,0.0007
beets/test/_common.py,funcao,addinput,0,0,0,0,0,0,0,0,0,0,0,0
beets/test/_common.py,funcao,getoutput,0,0,0,0,0,0,0,0,0,0,0,0
beets/test/_common.py,funcao,touch,0,0,0,0,0,0,0,0,0,0,0,0
beets/test/_common.py,funcao,__getattr__,0,0,0,0,0,0,0,0,0,0,0,0
beets/test/_common.py,funcao,platform_windows,0,0,0,0,0,0,0,0,0,0,0,0
beets/test/_common.py,funcao,platform_posix,0,0,0,0,0,0,0,0,0,0,0,0
beets/test/_common.py,funcao,system_mock,0,0,0,0,0,0,0,0,0,0,0,0
beets/ui/__init__.py,funcao,_in_encoding,0,0,0,0,0,0,0,0,0,0,0,0
beets/ui/__init__.py,funcao,_out_encoding,0,0,0,0,0,0,0,0,0,0,0,0
beets/ui/__init__.py,funcao,_stream_encoding,2,3,2,3,5,5,6.7549,11.6096,1.0,11.6096,0.645,0.0039
beets/ui/__init__.py,funcao,decargs,0,0,0,0,0,0,0,0,0,0,0,0
beets/ui/__init__.py,funcao,print_,1,2,1,2,3,3,2.0,4.7549,0.5,2.3774,0.1321,0.0016
beets/ui/__init__.py,funcao,_bool_fallback,1,2,1,2,3,3,2.0,4.7549,0.5,2.3774,0.1321,0.0016
beets/ui/__init__.py,funcao,should_write,0,0,0,0,0,0,0,0,0,0,0,0
beets/ui/__init__.py,funcao,should_move,1,2,1,2,3,3,2.0,4.7549,0.5,2.3774,0.1321,0.0016
beets/ui/__init__.py,funcao,input_,0,0,0,0,0,0,0,0,0,0,0,0
beets/ui/__init__.py,funcao,input_options,14,57,44,81,71,125,385.7777,768.7184,9.9474,7646.725,424.8181,0.2562
beets/ui/__init__.py,funcao,input_yn,2,4,2,4,6,6,10.0,15.5098,1.0,15.5098,0.8617,0.0052
beets/ui/__init__.py,funcao,input_select_objects,2,7,5,10,9,15,21.6515,47.5489,1.4286,67.927,3.7737,0.0158
beets/ui/__init__.py,funcao,term_width,0,0,0,0,0,0,0,0,0,0,0,0
beets/ui/__init__.py,funcao,show_model_changes,2,6,3,6,8,9,17.5098,27.0,1.0,27.0,1.5,0.009
beets/ui/__init__.py,funcao,__init__,1,2,1,2,3,3,2.0,4.7549,0.5,2.3774,0.1321,0.0016
beets/ui/__init__.py,funcao,add_album_option,0,0,0,0,0,0,0,0,0,0,0,0
beets/ui/__init__.py,funcao,_set_format,2,5,2,5,7,7,13.6096,19.6515,1.0,19.6515,1.0917,0.0066
beets/ui/__init__.py,funcao,add_path_option,0,0,0,0,0,0,0,0,0,0,0,0
beets/ui/__init__.py,funcao,add_format_option,0,0,0,0,0,0,0,0,0,0,0,0
beets/ui/__init__.py,funcao,add_all_common_options,0,0,0,0,0,0,0,0,0,0,0,0
beets/ui/__init__.py,funcao,print_help,0,0,0,0,0,0,0,0,0,0,0,0
beets/ui/__init__.py,funcao,parse_args,0,0,0,0,0,0,0,0,0,0,0,0
beets/ui/__init__.py,funcao,root_parser,0,0,0,0,0,0,0,0,0,0,0,0
beets/ui/__init__.py,funcao,add_subcommand,0,0,0,0,0,0,0,0,0,0,0,0
beets/ui/__init__.py,funcao,format_help,7,18,14,27,25,41,94.7101,190.3981,5.25,999.59,55.5328,0.0635
beets/ui/__init__.py,funcao,_subcommand_for_name,3,4,3,6,7,9,12.7549,25.2662,2.25,56.8489,3.1583,0.0084
beets/ui/__init__.py,funcao,parse_global_options,0,0,0,0,0,0,0,0,0,0,0,0
beets/ui/__init__.py,funcao,parse_subcommand,1,2,2,2,3,4,2.0,6.3399,0.5,3.1699,0.1761,0.0021
beets/ui/__init__.py,funcao,_setup,0,0,0,0,0,0,0,0,0,0,0,0
beets/ui/__init__.py,funcao,_configure,1,2,1,2,3,3,2.0,4.7549,0.5,2.3774,0.1321,0.0016
beets/ui/__init__.py,funcao,_ensure_db_directory_exists,2,3,2,3,5,5,6.7549,11.6096,1.0,11.6096,0.645,0.0039
beets/ui/__init__.py,funcao,_open_library,0,0,0,0,0,0,0,0,0,0,0,0
beets/ui/__init__.py,funcao,_raw_main,4,9,5,11,13,16,36.5293,59.207,2.4444,144.7283,8.0405,0.0197
beets/ui/__init__.py,funcao,main,2,4,2,4,6,6,10.0,15.5098,1.0,15.5098,0.8617,0.0052
beets/ui/commands/completion.py,funcao,print_completion,2,3,2,3,5,5,6.7549,11.6096,1.0,11.6096,0.645,0.0039
beets/ui/commands/completion.py,funcao,completion_script,3,6,3,6,9,9,20.2647,28.5293,1.5,42.794,2.3774,0.0095
beets/ui/commands/config.py,funcao,config_func,4,7,4,7,11,11,27.6515,38.0537,2.0,76.1075,4.2282,0.0127
beets/ui/commands/config.py,funcao,config_edit,2,4,3,4,6,7,10.0,18.0947,1.0,18.0947,1.0053,0.006
beets/ui/commands/fields.py,funcao,_print_keys,0,0,0,0,0,0,0,0,0,0,0,0
beets/ui/commands/fields.py,funcao,fields_func,0,0,0,0,0,0,0,0,0,0,0,0
beets/ui/commands/help.py,funcao,__init__,0,0,0,0,0,0,0,0,0,0,0,0
beets/ui/commands/help.py,funcao,func,1,1,1,1,2,2,0,2.0,0.5,1.0,0.0556,0.0007
beets/ui/commands/list.py,funcao,list_items,0,0,0,0,0,0,0,0,0,0,0,0
beets/ui/commands/list.py,funcao,list_func,0,0,0,0,0,0,0,0,0,0,0,0
beets/ui/commands/modify.py,funcao,modify_items,3,6,4,7,9,11,20.2647,34.8692,1.75,61.0211,3.3901,0.0116
beets/ui/commands/modify.py,funcao,print_and_modify,0,0,0,0,0,0,0,0,0,0,0,0
beets/ui/commands/modify.py,funcao,modify_parse_args,4,10,7,14,14,21,41.2193,79.9545,2.8,223.8725,12.4374,0.0267
beets/ui/commands/modify.py,funcao,modify_func,2,5,4,5,7,9,13.6096,25.2662,1.0,25.2662,1.4037,0.0084
beets/ui/commands/move.py,funcao,show_path_changes,5,15,9,18,20,27,70.213,116.6921,3.0,350.0762,19.4487,0.0389
beets/ui/commands/move.py,funcao,move_items,5,11,6,11,16,17,49.6634,68.0,2.5,170.0,9.4444,0.0227
beets/ui/commands/move.py,funcao,move_func,2,3,2,3,5,5,6.7549,11.6096,1.0,11.6096,0.645,0.0039
beets/ui/commands/remove.py,funcao,remove_items,2,6,5,8,8,13,17.5098,39.0,1.3333,52.0,2.8889,0.013
beets/ui/commands/remove.py,funcao,remove_func,0,0,0,0,0,0,0,0,0,0,0,0
beets/ui/commands/stats.py,funcao,show_stats,3,12,7,14,15,21,47.7744,82.0447,1.75,143.5782,7.9766,0.0273
beets/ui/commands/stats.py,funcao,stats_func,0,0,0,0,0,0,0,0,0,0,0,0
beets/ui/commands/update.py,funcao,update_items,9,27,25,44,36,69,156.9113,356.7248,7.3333,2615.9821,145.3323,0.1189
beets/ui/commands/update.py,funcao,update_func,1,2,2,2,3,4,2.0,6.3399,0.5,3.1699,0.1761,0.0021
beets/ui/commands/utils.py,funcao,do_query,3,7,6,9,10,15,24.4064,49.8289,1.9286,96.0986,5.3388,0.0166
beets/ui/commands/version.py,funcao,show_version,0,0,0,0,0,0,0,0,0,0,0,0
beets/ui/commands/write.py,funcao,write_items,3,6,4,6,9,10,20.2647,31.6993,1.5,47.5489,2.6416,0.0106
beets/ui/commands/write.py,funcao,write_func,0,0,0,0,0,0,0,0,0,0,0,0
beets/ui/commands/__init__.py,funcao,__getattr__,0,0,0,0,0,0,0,0,0,0,0,0
beets/ui/commands/import_/display.py,funcao,changed_prefix,0,0,0,0,0,0,0,0,0,0,0,0
beets/ui/commands/import_/display.py,funcao,_indentation_config,0,0,0,0,0,0,0,0,0,0,0,0
beets/ui/commands/import_/display.py,funcao,indent,0,0,0,0,0,0,0,0,0,0,0,0
beets/ui/commands/import_/display.py,funcao,indent_header,0,0,0,0,0,0,0,0,0,0,0,0
beets/ui/commands/import_/display.py,funcao,indent_detail,0,0,0,0,0,0,0,0,0,0,0,0
beets/ui/commands/import_/display.py,funcao,indent_tracklist,0,0,0,0,0,0,0,0,0,0,0,0
beets/ui/commands/import_/display.py,funcao,print_layout,0,0,0,0,0,0,0,0,0,0,0,0
beets/ui/commands/import_/display.py,funcao,show_match_header,0,0,0,0,0,0,0,0,0,0,0,0
beets/ui/commands/import_/display.py,funcao,show_match_details,3,8,7,13,11,20,28.7549,69.1886,2.4375,168.6473,9.3693,0.0231
beets/ui/commands/import_/display.py,funcao,make_medium_info_line,2,4,3,6,6,9,10.0,23.2647,1.5,34.897,1.9387,0.0078
beets/ui/commands/import_/display.py,funcao,format_index,3,5,3,6,8,9,16.3645,27.0,1.8,48.6,2.7,0.009
beets/ui/commands/import_/display.py,funcao,make_track_numbers,2,4,2,4,6,6,10.0,15.5098,1.0,15.5098,0.8617,0.0052
beets/ui/commands/import_/display.py,funcao,make_track_titles,2,3,2,3,5,5,6.7549,11.6096,1.0,11.6096,0.645,0.0039
beets/ui/commands/import_/display.py,funcao,make_track_lengths,3,4,3,7,7,10,12.7549,28.0735,2.625,73.6931,4.0941,0.0094
beets/ui/commands/import_/display.py,funcao,make_line,2,4,2,4,6,6,10.0,15.5098,1.0,15.5098,0.8617,0.0052
beets/ui/commands/import_/display.py,funcao,print_tracklist,9,21,15,30,30,45,120.768,220.8101,6.4286,1419.4934,78.8607,0.0736
beets/ui/commands/import_/display.py,funcao,show_match_tracks,4,14,9,18,18,27,61.303,112.588,2.5714,289.5119,16.084,0.0375
beets/ui/commands/import_/display.py,funcao,show_change,0,0,0,0,0,0,0,0,0,0,0,0
beets/ui/commands/import_/display.py,funcao,show_item_change,0,0,0,0,0,0,0,0,0,0,0,0
beets/ui/commands/import_/session.py,funcao,choose_match,4,9,6,12,13,18,36.5293,66.6079,2.6667,177.6211,9.8678,0.0222
beets/ui/commands/import_/session.py,funcao,choose_item,3,6,4,8,9,12,20.2647,38.0391,2.0,76.0782,4.2266,0.0127
beets/ui/commands/import_/session.py,funcao,resolve_duplicate,3,10,8,14,13,22,37.9742,81.4097,2.1,170.9603,9.4978,0.0271
beets/ui/commands/import_/session.py,funcao,should_resume,0,0,0,0,0,0,0,0,0,0,0,0
beets/ui/commands/import_/session.py,funcao,_get_choices,4,9,6,12,13,18,36.5293,66.6079,2.6667,177.6211,9.8678,0.0222
beets/ui/commands/import_/session.py,funcao,summarize_items,5,12,8,14,17,22,54.6292,89.9242,2.9167,262.2789,14.571,0.03
beets/ui/commands/import_/session.py,funcao,_summary_judgment,2,8,5,10,10,15,26.0,49.8289,1.25,62.2862,3.4603,0.0166
beets/ui/commands/import_/session.py,funcao,choose_candidate,12,25,23,43,37,66,159.116,343.8239,10.32,3548.2629,197.1257,0.1146
beets/ui/commands/import_/session.py,funcao,manual_search,0,0,0,0,0,0,0,0,0,0,0,0
beets/ui/commands/import_/session.py,funcao,manual_id,0,0,0,0,0,0,0,0,0,0,0,0
beets/ui/commands/import_/session.py,funcao,abort_action,0,0,0,0,0,0,0,0,0,0,0,0
beets/ui/commands/import_/__init__.py,funcao,paths_from_logfile,3,4,3,5,7,8,12.7549,22.4588,1.875,42.1103,2.3395,0.0075
beets/ui/commands/import_/__init__.py,funcao,parse_logfiles,0,0,0,0,0,0,0,0,0,0,0,0
beets/ui/commands/import_/__init__.py,funcao,import_files,3,8,4,8,11,12,28.7549,41.5132,1.5,62.2698,3.4594,0.0138
beets/ui/commands/import_/__init__.py,funcao,import_func,3,9,7,9,12,16,33.2842,57.3594,1.5,86.0391,4.78,0.0191
beets/ui/commands/import_/__init__.py,funcao,_store_dict,3,5,3,5,8,8,16.3645,24.0,1.5,36.0,2.0,0.008
beets/util/artresizer.py,funcao,resize_url,1,2,1,2,3,3,2.0,4.7549,0.5,2.3774,0.1321,0.0016
beets/util/artresizer.py,funcao,version,0,0,0,0,0,0,0,0,0,0,0,0
beets/util/artresizer.py,funcao,available,0,0,0,0,0,0,0,0,0,0,0,0
beets/util/artresizer.py,funcao,resize,1,2,1,2,3,3,2.0,4.7549,0.5,2.3774,0.1321,0.0016
beets/util/artresizer.py,funcao,get_size,1,2,1,2,3,3,2.0,4.7549,0.5,2.3774,0.1321,0.0016
beets/util/artresizer.py,funcao,deinterlace,1,2,1,2,3,3,2.0,4.7549,0.5,2.3774,0.1321,0.0016
beets/util/artresizer.py,funcao,get_format,1,2,1,2,3,3,2.0,4.7549,0.5,2.3774,0.1321,0.0016
beets/util/artresizer.py,funcao,convert_format,1,1,1,1,2,2,0,2.0,0.5,1.0,0.0556,0.0007
beets/util/artresizer.py,funcao,can_compare,1,2,1,2,3,3,2.0,4.7549,0.5,2.3774,0.1321,0.0016
beets/util/artresizer.py,funcao,compare,1,2,1,2,3,3,2.0,4.7549,0.5,2.3774,0.1321,0.0016
beets/util/artresizer.py,funcao,can_write_metadata,1,2,1,2,3,3,2.0,4.7549,0.5,2.3774,0.1321,0.0016
beets/util/artresizer.py,funcao,write_metadata,1,2,1,2,3,3,2.0,4.7549,0.5,2.3774,0.1321,0.0016
beets/util/artresizer.py,funcao,__init__,0,0,0,0,0,0,0,0,0,0,0,0
beets/util/artresizer.py,funcao,method,1,2,1,2,3,3,2.0,4.7549,0.5,2.3774,0.1321,0.0016
beets/util/artresizer.py,funcao,proxy_url,0,0,0,0,0,0,0,0,0,0,0,0
beets/util/artresizer.py,funcao,local,1,2,1,2,3,3,2.0,4.7549,0.5,2.3774,0.1321,0.0016
beets/util/artresizer.py,funcao,reformat,3,8,4,8,11,12,28.7549,41.5132,1.5,62.2698,3.4594,0.0138
beets/util/bluelet.py,funcao,waitables,0,0,0,0,0,0,0,0,0,0,0,0
beets/util/bluelet.py,funcao,fire,0,0,0,0,0,0,0,0,0,0,0,0
beets/util/bluelet.py,funcao,__init__,0,0,0,0,0,0,0,0,0,0,0,0
beets/util/bluelet.py,funcao,time_left,1,2,1,2,3,3,2.0,4.7549,0.5,2.3774,0.1321,0.0016
beets/util/bluelet.py,funcao,waitable,0,0,0,0,0,0,0,0,0,0,0,0
beets/util/bluelet.py,funcao,_event_select,6,12,8,16,18,24,58.5293,100.0782,4.0,400.3128,22.2396,0.0334
beets/util/bluelet.py,funcao,reraise,0,0,0,0,0,0,0,0,0,0,0,0
beets/util/bluelet.py,funcao,run,4,14,8,15,18,23,61.303,95.9083,2.1429,205.5177,11.4177,0.032
beets/util/bluelet.py,funcao,accept,0,0,0,0,0,0,0,0,0,0,0,0
beets/util/bluelet.py,funcao,close,0,0,0,0,0,0,0,0,0,0,0,0
beets/util/bluelet.py,funcao,recv,0,0,0,0,0,0,0,0,0,0,0,0
beets/util/bluelet.py,funcao,send,0,0,0,0,0,0,0,0,0,0,0,0
beets/util/bluelet.py,funcao,sendall,0,0,0,0,0,0,0,0,0,0,0,0
beets/util/bluelet.py,funcao,readline,2,4,3,6,6,9,10.0,23.2647,1.5,34.897,1.9387,0.0078
beets/util/bluelet.py,funcao,null,0,0,0,0,0,0,0,0,0,0,0,0
beets/util/bluelet.py,funcao,spawn,1,1,1,1,2,2,0,2.0,0.5,1.0,0.0556,0.0007
beets/util/bluelet.py,funcao,call,1,1,1,1,2,2,0,2.0,0.5,1.0,0.0556,0.0007
beets/util/bluelet.py,funcao,end,0,0,0,0,0,0,0,0,0,0,0,0
beets/util/bluelet.py,funcao,read,2,3,2,3,5,5,6.7549,11.6096,1.0,11.6096,0.645,0.0039
beets/util/bluelet.py,funcao,write,0,0,0,0,0,0,0,0,0,0,0,0
beets/util/bluelet.py,funcao,connect,0,0,0,0,0,0,0,0,0,0,0,0
beets/util/bluelet.py,funcao,sleep,0,0,0,0,0,0,0,0,0,0,0,0
beets/util/bluelet.py,funcao,join,0,0,0,0,0,0,0,0,0,0,0,0
beets/util/bluelet.py,funcao,kill,0,0,0,0,0,0,0,0,0,0,0,0
beets/util/bluelet.py,funcao,server,0,0,0,0,0,0,0,0,0,0,0,0
beets/util/color.py,funcao,get_color_config,1,2,1,2,3,3,2.0,4.7549,0.5,2.3774,0.1321,0.0016
beets/util/color.py,funcao,_colorize,0,0,0,0,0,0,0,0,0,0,0,0
beets/util/color.py,funcao,colorize,2,4,2,4,6,6,10.0,15.5098,1.0,15.5098,0.8617,0.0052
beets/util/color.py,funcao,uncolorize,0,0,0,0,0,0,0,0,0,0,0,0
beets/util/color.py,funcao,color_split,4,13,12,24,17,36,56.1057,147.1487,3.6923,543.3181,30.1843,0.049
beets/util/color.py,funcao,color_len,0,0,0,0,0,0,0,0,0,0,0,0
beets/util/config.py,funcao,sanitize_choices,3,6,4,8,9,12,20.2647,38.0391,2.0,76.0782,4.2266,0.0127
beets/util/config.py,funcao,sanitize_pairs,4,15,11,22,19,33,66.6034,140.1816,2.9333,411.1994,22.8444,0.0467
beets/util/config.py,funcao,__init__,0,0,0,0,0,0,0,0,0,0,0,0
beets/util/deprecation.py,funcao,_format_message,1,4,2,4,5,6,8.0,13.9316,0.5,6.9658,0.387,0.0046
beets/util/deprecation.py,funcao,deprecate_for_user,0,0,0,0,0,0,0,0,0,0,0,0
beets/util/deprecation.py,funcao,deprecate_for_maintainers,1,2,1,2,3,3,2.0,4.7549,0.5,2.3774,0.1321,0.0016
beets/util/deprecation.py,funcao,deprecate_imports,0,0,0,0,0,0,0,0,0,0,0,0
beets/util/deprecation.py,funcao,maybe_replace_legacy_field,1,2,1,2,3,3,2.0,4.7549,0.5,2.3774,0.1321,0.0016
beets/util/diff.py,funcao,colordiff,2,7,4,8,9,12,21.6515,38.0391,1.1429,43.4733,2.4152,0.0127
beets/util/diff.py,funcao,_multi_value_diff,1,2,2,4,3,6,2.0,9.5098,1.0,9.5098,0.5283,0.0032
beets/util/diff.py,funcao,_field_diff,7,16,8,17,23,25,83.6515,113.089,3.7188,420.5499,23.3639,0.0377
beets/util/diff.py,funcao,get_model_changes,4,8,4,8,12,12,32.0,43.0196,2.0,86.0391,4.78,0.0143
beets/util/extension.py,funcao,fix_extension,5,11,8,15,16,23,49.6634,92.0,3.4091,313.6364,17.4242,0.0307
beets/util/extension.py,funcao,remux_mpeglayer3_wav,4,8,5,9,12,14,32.0,50.1895,2.25,112.9263,6.2737,0.0167
beets/util/functemplate.py,funcao,__init__,0,0,0,0,0,0,0,0,0,0,0,0
beets/util/functemplate.py,funcao,ex_rvalue,0,0,0,0,0,0,0,0,0,0,0,0
beets/util/functemplate.py,funcao,ex_literal,0,0,0,0,0,0,0,0,0,0,0,0
beets/util/functemplate.py,funcao,ex_call,1,1,1,1,2,2,0,2.0,0.5,1.0,0.0556,0.0007
beets/util/functemplate.py,funcao,compile_func,0,0,0,0,0,0,0,0,0,0,0,0
beets/util/functemplate.py,funcao,__repr__,0,0,0,0,0,0,0,0,0,0,0,0
beets/util/functemplate.py,funcao,evaluate,0,0,0,0,0,0,0,0,0,0,0,0
beets/util/functemplate.py,funcao,translate,0,0,0,0,0,0,0,0,0,0,0,0
beets/util/functemplate.py,funcao,parse_expression,7,22,20,40,29,60,117.759,291.4789,6.3636,1854.8655,103.0481,0.0972
beets/util/functemplate.py,funcao,parse_symbol,6,13,14,27,19,41,63.6155,174.165,6.2308,1085.1821,60.2879,0.0581
beets/util/functemplate.py,funcao,parse_call,7,14,11,21,21,32,72.9545,140.5542,5.25,737.9093,40.995,0.0469
beets/util/functemplate.py,funcao,parse_argument_list,5,10,7,14,15,21,44.8289,82.0447,3.5,287.1565,15.9531,0.0273
beets/util/functemplate.py,funcao,_parse_ident,1,2,1,2,3,3,2.0,4.7549,0.5,2.3774,0.1321,0.0016
beets/util/functemplate.py,funcao,_parse,0,0,0,0,0,0,0,0,0,0,0,0
beets/util/functemplate.py,funcao,template,0,0,0,0,0,0,0,0,0,0,0,0
beets/util/functemplate.py,funcao,__eq__,1,1,1,2,2,3,0,3.0,1.0,3.0,0.1667,0.001
beets/util/functemplate.py,funcao,interpret,0,0,0,0,0,0,0,0,0,0,0,0
beets/util/functemplate.py,funcao,substitute,0,0,0,0,0,0,0,0,0,0,0,0
beets/util/hidden.py,funcao,is_hidden,4,10,6,12,14,18,41.2193,68.5324,2.4,164.4777,9.1377,0.0228
beets/util/id_extractors.py,funcao,extract_release_id,0,0,0,0,0,0,0,0,0,0,0,0
beets/util/layout.py,funcao,rendered,0,0,0,0,0,0,0,0,0,0,0,0
beets/util/layout.py,funcao,prefix_width,0,0,0,0,0,0,0,0,0,0,0,0
beets/util/layout.py,funcao,suffix_width,0,0,0,0,0,0,0,0,0,0,0,0
beets/util/layout.py,funcao,rendered_width,0,0,0,0,0,0,0,0,0,0,0,0
beets/util/layout.py,funcao,indent,1,2,1,2,3,3,2.0,4.7549,0.5,2.3774,0.1321,0.0016
beets/util/layout.py,funcao,split_into_lines,8,52,39,73,60,112,320.4229,661.5717,5.6154,3714.9798,206.3878,0.2205
beets/util/layout.py,funcao,get_column_layout,7,40,43,84,47,127,232.5286,705.4328,7.35,5184.931,288.0517,0.2351
beets/util/layout.py,funcao,get_newline_layout,4,12,10,20,16,30,51.0196,120.0,3.3333,400.0,22.2222,0.04
beets/util/layout.py,funcao,get_layout_method,0,0,0,0,0,0,0,0,0,0,0,0
beets/util/layout.py,funcao,get_layout_lines,2,4,2,4,6,6,10.0,15.5098,1.0,15.5098,0.8617,0.0052
beets/util/lyrics.py,funcao,__post_init__,6,12,8,13,18,21,58.5293,87.5684,3.25,284.5974,15.811,0.0292
beets/util/lyrics.py,funcao,from_legacy_text,1,2,1,2,3,3,2.0,4.7549,0.5,2.3774,0.1321,0.0016
beets/util/lyrics.py,funcao,from_item,0,0,0,0,0,0,0,0,0,0,0,0
beets/util/lyrics.py,funcao,original_text,0,0,0,0,0,0,0,0,0,0,0,0
beets/util/lyrics.py,funcao,_split_lines,0,0,0,0,0,0,0,0,0,0,0,0
beets/util/lyrics.py,funcao,timestamps,0,0,0,0,0,0,0,0,0,0,0,0
beets/util/lyrics.py,funcao,text_lines,0,0,0,0,0,0,0,0,0,0,0,0
beets/util/lyrics.py,funcao,sylt,3,11,6,11,14,17,42.8086,64.725,1.5,97.0876,5.3938,0.0216
beets/util/lyrics.py,funcao,synced,0,0,0,0,0,0,0,0,0,0,0,0
beets/util/lyrics.py,funcao,translated,0,0,0,0,0,0,0,0,0,0,0,0
beets/util/lyrics.py,funcao,full_text,1,1,1,1,2,2,0,2.0,0.5,1.0,0.0556,0.0007
beets/util/m3u.py,funcao,__init__,0,0,0,0,0,0,0,0,0,0,0,0
beets/util/m3u.py,funcao,load,2,3,2,3,5,5,6.7549,11.6096,1.0,11.6096,0.645,0.0039
beets/util/m3u.py,funcao,set_contents,0,0,0,0,0,0,0,0,0,0,0,0
beets/util/m3u.py,funcao,write,2,4,3,5,6,8,10.0,20.6797,1.25,25.8496,1.4361,0.0069
beets/util/pathformats.py,funcao,get_path_formats,0,0,0,0,0,0,0,0,0,0,0,0
beets/util/pipeline.py,funcao,_invalidate_queue,0,0,0,0,0,0,0,0,0,0,0,0
beets/util/pipeline.py,funcao,__init__,1,2,1,2,3,3,2.0,4.7549,0.5,2.3774,0.1321,0.0016
beets/util/pipeline.py,funcao,acquire,3,4,3,5,7,8,12.7549,22.4588,1.875,42.1103,2.3395,0.0075
beets/util/pipeline.py,funcao,release,4,4,4,7,8,11,16.0,33.0,3.5,115.5,6.4167,0.011
beets/util/pipeline.py,funcao,multiple,0,0,0,0,0,0,0,0,0,0,0,0
beets/util/pipeline.py,funcao,stage,1,4,2,4,5,6,8.0,13.9316,0.5,6.9658,0.387,0.0046
beets/util/pipeline.py,funcao,mutator_stage,0,0,0,0,0,0,0,0,0,0,0,0
beets/util/pipeline.py,funcao,_allmsgs,1,2,1,2,3,3,2.0,4.7549,0.5,2.3774,0.1321,0.0016
beets/util/pipeline.py,funcao,_run_in_context,1,2,1,2,3,3,2.0,4.7549,0.5,2.3774,0.1321,0.0016
beets/util/pipeline.py,funcao,abort,0,0,0,0,0,0,0,0,0,0,0,0
beets/util/pipeline.py,funcao,abort_all,0,0,0,0,0,0,0,0,0,0,0,0
beets/util/pipeline.py,funcao,run,1,2,1,2,3,3,2.0,4.7549,0.5,2.3774,0.1321,0.0016
beets/util/pipeline.py,funcao,run_sequential,0,0,0,0,0,0,0,0,0,0,0,0
beets/util/pipeline.py,funcao,run_parallel,2,3,7,9,5,16,6.7549,37.1508,3.0,111.4525,6.1918,0.0124
beets/util/pipeline.py,funcao,pull,0,0,0,0,0,0,0,0,0,0,0,0
beets/util/units.py,funcao,raw_seconds_short,3,5,3,5,8,8,16.3645,24.0,1.5,36.0,2.0,0.008
beets/util/units.py,funcao,human_seconds_short,2,2,2,4,4,6,4.0,12.0,2.0,24.0,1.3333,0.004
beets/util/units.py,funcao,human_bytes,2,2,2,4,4,6,4.0,12.0,2.0,24.0,1.3333,0.004
beets/util/units.py,funcao,human_seconds,5,7,6,11,12,17,31.2611,60.9444,3.9286,239.4243,13.3013,0.0203
beets/util/__init__.py,funcao,__init__,0,0,0,0,0,0,0,0,0,0,0,0
beets/util/__init__.py,funcao,_gerund,3,5,3,5,8,8,16.3645,24.0,1.5,36.0,2.0,0.008
beets/util/__init__.py,funcao,_reasonstr,0,0,0,0,0,0,0,0,0,0,0,0
beets/util/__init__.py,funcao,get_message,1,3,2,4,4,6,4.7549,12.0,0.6667,8.0,0.4444,0.004
beets/util/__init__.py,funcao,log,0,0,0,0,0,0,0,0,0,0,0,0
beets/util/__init__.py,funcao,normpath,0,0,0,0,0,0,0,0,0,0,0,0
beets/util/__init__.py,funcao,ancestry,1,2,1,2,3,3,2.0,4.7549,0.5,2.3774,0.1321,0.0016
beets/util/__init__.py,funcao,sorted_walk,3,5,4,6,8,10,16.3645,30.0,1.8,54.0,3.0,0.01
beets/util/__init__.py,funcao,path_as_posix,0,0,0,0,0,0,0,0,0,0,0,0
beets/util/__init__.py,funcao,mkdirall,1,1,1,1,2,2,0,2.0,0.5,1.0,0.0556,0.0007
beets/util/__init__.py,funcao,fnmatch_all,1,1,1,1,2,2,0,2.0,0.5,1.0,0.0556,0.0007
beets/util/__init__.py,funcao,prune_dirs,4,6,4,7,10,11,23.5098,36.5412,2.3333,85.2628,4.7368,0.0122
beets/util/__init__.py,funcao,components,0,0,0,0,0,0,0,0,0,0,0,0
beets/util/__init__.py,funcao,bytestring_path,2,4,2,4,6,6,10.0,15.5098,1.0,15.5098,0.8617,0.0052
beets/util/__init__.py,funcao,displayable_path,1,1,1,1,2,2,0,2.0,0.5,1.0,0.0556,0.0007
beets/util/__init__.py,funcao,syspath,3,5,3,5,8,8,16.3645,24.0,1.5,36.0,2.0,0.008
beets/util/__init__.py,funcao,samefile,1,2,1,2,3,3,2.0,4.7549,0.5,2.3774,0.1321,0.0016
beets/util/__init__.py,funcao,remove,3,6,4,6,9,10,20.2647,31.6993,1.5,47.5489,2.6416,0.0106
beets/util/__init__.py,funcao,copy,2,3,2,3,5,5,6.7549,11.6096,1.0,11.6096,0.645,0.0039
beets/util/__init__.py,funcao,move,2,3,2,3,5,5,6.7549,11.6096,1.0,11.6096,0.645,0.0039
beets/util/__init__.py,funcao,link,2,3,2,3,5,5,6.7549,11.6096,1.0,11.6096,0.645,0.0039
beets/util/__init__.py,funcao,hardlink,3,5,3,5,8,8,16.3645,24.0,1.5,36.0,2.0,0.008
beets/util/__init__.py,funcao,reflink,2,3,2,3,5,5,6.7549,11.6096,1.0,11.6096,0.645,0.0039
beets/util/__init__.py,funcao,unique_path,2,8,5,8,10,13,26.0,43.1851,1.0,43.1851,2.3992,0.0144
beets/util/__init__.py,funcao,sanitize_path,2,3,2,3,5,5,6.7549,11.6096,1.0,11.6096,0.645,0.0039
beets/util/__init__.py,funcao,truncate_str,0,0,0,0,0,0,0,0,0,0,0,0
beets/util/__init__.py,funcao,truncate_path,2,3,2,3,5,5,6.7549,11.6096,1.0,11.6096,0.645,0.0039
beets/util/__init__.py,funcao,_legalize_stage,2,3,2,4,5,6,6.7549,13.9316,1.3333,18.5754,1.032,0.0046
beets/util/__init__.py,funcao,legalize_path,1,1,1,1,2,2,0,2.0,0.5,1.0,0.0556,0.0007
beets/util/__init__.py,funcao,str2bool,1,2,1,2,3,3,2.0,4.7549,0.5,2.3774,0.1321,0.0016
beets/util/__init__.py,funcao,as_string,1,2,1,2,3,3,2.0,4.7549,0.5,2.3774,0.1321,0.0016
beets/util/__init__.py,funcao,plurality,1,1,1,1,2,2,0,2.0,0.5,1.0,0.0556,0.0007
beets/util/__init__.py,funcao,get_most_common_tags,2,4,2,4,6,6,10.0,15.5098,1.0,15.5098,0.8617,0.0052
beets/util/__init__.py,funcao,command_output,2,4,2,4,6,6,10.0,15.5098,1.0,15.5098,0.8617,0.0052
beets/util/__init__.py,funcao,get_max_filename_length,0,0,0,0,0,0,0,0,0,0,0,0
beets/util/__init__.py,funcao,open_anything,1,3,2,4,4,6,4.7549,12.0,0.6667,8.0,0.4444,0.004
beets/util/__init__.py,funcao,editor_command,1,3,1,3,4,4,4.7549,8.0,0.5,4.0,0.2222,0.0027
beets/util/__init__.py,funcao,interactive_open,1,2,1,2,3,3,2.0,4.7549,0.5,2.3774,0.1321,0.0016
beets/util/__init__.py,funcao,case_sensitive,4,15,10,15,19,25,66.6034,106.1982,2.0,212.3964,11.7998,0.0354
beets/util/__init__.py,funcao,asciify_path,0,0,0,0,0,0,0,0,0,0,0,0
beets/util/__init__.py,funcao,par_map,0,0,0,0,0,0,0,0,0,0,0,0
beets/util/__init__.py,funcao,__set_name__,0,0,0,0,0,0,0,0,0,0,0,0
beets/util/__init__.py,funcao,__get__,2,3,2,4,5,6,6.7549,13.9316,1.3333,18.5754,1.032,0.0046
beets/util/__init__.py,funcao,get_module_tempdir,1,4,2,4,5,6,8.0,13.9316,0.5,6.9658,0.387,0.0046
beets/util/__init__.py,funcao,clean_module_tempdir,0,0,0,0,0,0,0,0,0,0,0,0
beets/util/__init__.py,funcao,get_temp_filename,2,3,2,3,5,5,6.7549,11.6096,1.0,11.6096,0.645,0.0039
beets/util/__init__.py,funcao,unique_list,0,0,0,0,0,0,0,0,0,0,0,0
beets/util/__init__.py,funcao,chunks,1,2,1,2,3,3,2.0,4.7549,0.5,2.3774,0.1321,0.0016
